{"seed": "1645339547.9141421", "version": "alpha1", "[0, 0]": [[[101, 485, "stone"], [60, 495, "tree"], [256, 241, "tree"]], 2], "[0, -1]": [[[393, 120, "tree"], [240, 245, "tree"], [57, 370, "tree"], [191, 495, "tree"], [302, 39, "flower", [255, 0, 0]], [73, 80, "flower", [255, 255, 255]], [167, 121, "flower", [255, 0, 0]], [398, 162, "flower", [255, 255, 0]], [63, 203, "flower", [255, 0, 0]], [153, 244, "flower", [255, 255, 0]], [341, 285, "flower", [255, 0, 0]], [22, 326, "flower", [255, 255, 0]], [461, 367, "flower", [255, 255, 0]], [221, 408, "flower", [255, 0, 0]], [271, 449, "flower", [255, 255, 255]], [482, 490, "flower", [255, 0, 255]]], 0], "[0, -2]": [[[177, 235, "stone"], [325, 485, "stone"], [120, 161, "tree"], [197, 327, "tree"], [97, 493, "tree"]], 3], "[0, -3]": [[[18, 485, "stone"], [364, 45, "tree"], [450, 95, "tree"], [405, 145, "tree"], [117, 195, "tree"], [325, 245, "tree"], [287, 295, "tree"], [213, 345, "tree"], [339, 395, "tree"], [182, 445, "tree"], [156, 495, "tree"]], 1], "player": [320.99999999999966, 299.19999999999965, [0, 0], 2, {"log": 1, "sapling": 0}]}